,difficulty,sentence_length,word_count,apostrophe_count,punctuation_count
0,A1,39.17220172201722,7.442804428044281,0.4833948339483395,1.7392373923739237
1,A2,61.54716981132076,11.60125786163522,0.8176100628930818,2.4352201257861634
2,B1,84.58238993710692,14.979874213836478,1.0364779874213836,2.9761006289308174
3,B2,120.90277777777777,19.133838383838384,0.9103535353535354,3.45959595959596
4,C1,156.44486215538848,24.357142857142858,1.2832080200501252,4.788220551378446
5,C2,199.61214374225526,31.517967781908304,1.970260223048327,6.308550185873606
